,0,1,2,3,4
0,NO.,Product Name,Quantity,Main Technical Data,Remarks
1,1,Soft seed pomegranate breed improvement,1,details as per Section IV Schedule of Requirements and Technical Specifications of Bidding Document,
2,2,Irrigation System,1,details as per Section IV Schedule of Requirements and Technical Specifications of Bidding Document,
3,3,Intelligent Greenhouse,1,details as per Section IV Schedule of Requirements and Technical Specifications of Bidding Document,
4,4,Digital System,1,details as per Section IV Schedule of Requirements and Technical Specifications of Bidding Document,
5,5,Cold Storage,1,details as per Section IV Schedule of Requirements and Technical Specifications of Bidding Document,
6,6,"Pomegranate Sorting, processing and packaging lines",1,details as per Section IV Schedule of Requirements and Technical Specifications of Bidding Document,
7,7,Waste Recycling and Utilization,1,details as per Section IV Schedule of Requirements and Technical Specifications of Bidding Document,
8,8,Soft Seed Pomegranate Processing Factory,1,details as per Section IV Schedule of Requirements and Technical Specifications of Bidding Document,
