,0,1,2,3,4
0,NO.,Product Name,Quantity,Main Technical Data,Remarks
1,1,High-efficiency air flotation device,Please see bidding documents for the details,Please see bidding documents for the details,
2,2,Primary submersible mixer,Please see bidding documents for the details,Please see bidding documents for the details,
3,3,Primary jet aerator,Please see bidding documents for the details,Please see bidding documents for the details,
4,4,Blower,Please see bidding documents for the details,Please see bidding documents for the details,
5,5,Other teaching equipment,Please see bidding documents for the details,Please see bidding documents for the details,
